--random list of 42 users with 2 admin, 6 supervisors, 14 managers, 20 developers

insert into users values
    ('2160812', 'demo','1','Supervisor', 'demo@gmail.com', '2022-07-29 07:50:10'),
    ('2160813', 'test1','2','Project Manager', 'test1@gmail.com', '2022-07-29 07:50:10'),
    ('2160814', 'test2','2','Project Manager', 'test2@gmail.com', '2022-07-29 07:50:10'),
    ('2160815', 'test3','2','Project Manager', 'test3@gmail.com', '2022-07-29 07:50:10'),
    ('2160816', 'test4','2','Project Manager', 'test4@gmail.com', '2022-07-29 07:50:10'),
    ('2160817', 'test5','2','Project Manager', 'test5@gmail.com', '2022-07-29 07:50:10'),
    ('2160818', 'dev1','3','Developer', 'dev1@gmail.com', '2022-07-29 07:50:10'),
    ('2160819', 'dev2','3','Developer', 'dev2@gmail.com', '2022-07-29 07:50:10'),
    ('2160820', 'dev3','3','Developer', 'dev3@gmail.com', '2022-07-29 07:50:10'),
    ('2160821', 'dev4','3','Developer', 'dev4@gmail.com', '2022-07-29 07:50:10'),
    ('2160822', 'dev5','3','Developer', 'dev5@gmail.com', '2022-07-29 07:50:10'),
    ('2160823', 'dev6','3','Developer', 'dev6@gmail.com', '2022-07-29 07:50:10'),
    ('2160824', 'dev7','3','Developer', 'dev7@gmail.com', '2022-07-29 07:0:10'),
    ('2160811', 'ethan','0','admin', 'ethanFarell@gmail.com', '2022-07-29 07:50:10'),
    ('2160810', 'avsk53','0','admin', 'avsk53@gmail.com', '2022-07-28 07:50:10'),
    ('3632517', 'z5uFY2', '1', 'Supervisor', 'z5uFY2@gmail.com', '2023-02-24 16:48:46.783107'),
    ('2470865', 'dkfH25', '1', 'Supervisor', 'dkfH25@gmail.com', '2023-02-24 16:48:46.783156'),
    ('1968803', 'NO06HW', '1', 'Supervisor', 'NO06HW@gmail.com', '2023-02-24 16:48:46.783170'),
    ('6982292', 'OO22jv', '1', 'Supervisor', 'OO22jv@gmail.com', '2023-02-24 16:48:46.783181'),
    ('4998432', 'vW3E4g', '1', 'Supervisor', 'vW3E4g@gmail.com', '2023-02-24 16:48:46.783193'),
    ('7733874', 'VK2PN7', '1', 'Supervisor', 'VK2PN7@gmail.com', '2023-02-24 16:48:46.783203'),
    ('5856357', 'HH3eD4', '2', 'Project Manager', 'HH3eD4@gmail.com', '2023-02-24 16:48:46.783214'),
    ('1218921', '34fbHS', '2', 'Project Manager', '34fbHS@gmail.com', '2023-02-24 16:48:46.783238'),
    ('8544043', 'kNG9b6', '2', 'Project Manager', 'kNG9b6@gmail.com', '2023-02-24 16:48:46.783251'),
    ('1266821', 'J71wJZ', '2', 'Project Manager', 'J71wJZ@gmail.com', '2023-02-24 16:48:46.783262'),
    ('7241386', 'Cr7wx2', '2', 'Project Manager', 'Cr7wx2@gmail.com', '2023-02-24 16:48:46.783272'),
    ('8636689', 't63pwo', '2', 'Project Manager', 't63pwo@gmail.com', '2023-02-24 16:48:46.783282'),
    ('7378964', 'cWV14b', '2', 'Project Manager', 'cWV14b@gmail.com', '2023-02-24 16:48:46.783292'),
    ('9139378', 'wW1TW4', '2', 'Project Manager', 'wW1TW4@gmail.com', '2023-02-24 16:48:46.783302'),
    ('7051941', 'L45chu', '2', 'Project Manager', 'L45chu@gmail.com', '2023-02-24 16:48:46.783311'),
    ('3870636', '9ULiv5', '2', 'Project Manager', '9ULiv5@gmail.com', '2023-02-24 16:48:46.783321'),
    ('9690465', '0X7BMx', '2', 'Project Manager', '0X7BMx@gmail.com', '2023-02-24 16:48:46.783331'),
    ('2175359', 'f77kJO', '2', 'Project Manager', 'f77kJO@gmail.com', '2023-02-24 16:48:46.783340'),
    ('5986275', 'rI96Cf', '2', 'Project Manager', 'rI96Cf@gmail.com', '2023-02-24 16:48:46.783350'),
    ('5796118', '45fSwa', '2', 'Project Manager', '45fSwa@gmail.com', '2023-02-24 16:48:46.783360'),
    ('9109938', 't5Lv8R', '3', 'Developer', 't5Lv8R@gmail.com', '2023-02-24 16:48:46.783369'),
    ('4382159', 'nUj5v4', '3', 'Developer', 'nUj5v4@gmail.com', '2023-02-24 16:48:46.783379'),
    ('7808051', 'w4XD8o', '3', 'Developer', 'w4XD8o@gmail.com', '2023-02-24 16:48:46.783389'),
    ('3284606', 'P7MoY1', '3', 'Developer', 'P7MoY1@gmail.com', '2023-02-24 16:48:46.783399'),
    ('9008860', 'O8I9yV', '3', 'Developer', 'O8I9yV@gmail.com', '2023-02-24 16:48:46.783408'),
    ('4539858', '73CfUL', '3', 'Developer', '73CfUL@gmail.com', '2023-02-24 16:48:46.783418'),
    ('5227827', 'ySA9J4', '3', 'Developer', 'ySA9J4@gmail.com', '2023-02-24 16:48:46.783428'),
    ('3565318', 'ZE7p6x', '3', 'Developer', 'ZE7p6x@gmail.com', '2023-02-24 16:48:46.783441'),
    ('7307441', 'jl1f8L', '3', 'Developer', 'jl1f8L@gmail.com', '2023-02-24 16:48:46.783451'),
    ('9721353', '5Fj8fs', '3', 'Developer', '5Fj8fs@gmail.com', '2023-02-24 16:48:46.783461'),
    ('1502364', 'Rki71Y', '3', 'Developer', 'Rki71Y@gmail.com', '2023-02-24 16:48:46.783471'),
    ('8605313', '1NwT8E', '3', 'Developer', '1NwT8E@gmail.com', '2023-02-24 16:48:46.783480'),
    ('6664925', '3H5Rvi', '3', 'Developer', '3H5Rvi@gmail.com', '2023-02-24 16:48:46.783491'),
    ('8446929', '49nSze', '3', 'Developer', '49nSze@gmail.com', '2023-02-24 16:48:46.783501'),
    ('4895406', 'I5nd5L', '3', 'Developer', 'I5nd5L@gmail.com', '2023-02-24 16:48:46.783511'),
    ('9085466', '9Z5wmG', '3', 'Developer', '9Z5wmG@gmail.com', '2023-02-24 16:48:46.783521'),
    ('7462079', 'Y6H0rb', '3', 'Developer', 'Y6H0rb@gmail.com', '2023-02-24 16:48:46.783530'),
    ('9366488', 'cdM3s0', '3', 'Developer', 'cdM3s0@gmail.com', '2023-02-24 16:48:46.783540'),
    ('5047257', '3RSa1y', '3', 'Developer', '3RSa1y@gmail.com', '2023-02-24 16:48:46.783550'),
    ('9161586', 'MDJ5g0', '3', 'Developer', 'MDJ5g0@gmail.com', '2023-02-24 16:48:46.783560');

--  passwords assigned to all admins, supervisors, and project managers,
--  password is the word 'Password1!' with sha256 hash 
insert into passwords values
    ('2160810', 'pbkdf2:sha256:260000$YNqzP3YqL2Mnpxbs$cbfde5a10dfd85668ad292b6c1e22e9993807271738931f2a8b9c445e09ebdff'),
    ('2160811', 'pbkdf2:sha256:260000$YNqzP3YqL2Mnpxbs$cbfde5a10dfd85668ad292b6c1e22e9993807271738931f2a8b9c445e09ebdff'),
    ('2160812', 'pbkdf2:sha256:260000$YNqzP3YqL2Mnpxbs$cbfde5a10dfd85668ad292b6c1e22e9993807271738931f2a8b9c445e09ebdff'),
    ('2160813', 'pbkdf2:sha256:260000$YNqzP3YqL2Mnpxbs$cbfde5a10dfd85668ad292b6c1e22e9993807271738931f2a8b9c445e09ebdff'),
    ('2160814', 'pbkdf2:sha256:260000$YNqzP3YqL2Mnpxbs$cbfde5a10dfd85668ad292b6c1e22e9993807271738931f2a8b9c445e09ebdff'),
    ('2160815', 'pbkdf2:sha256:260000$YNqzP3YqL2Mnpxbs$cbfde5a10dfd85668ad292b6c1e22e9993807271738931f2a8b9c445e09ebdff'),
    ('2160816', 'pbkdf2:sha256:260000$YNqzP3YqL2Mnpxbs$cbfde5a10dfd85668ad292b6c1e22e9993807271738931f2a8b9c445e09ebdff'),
    ('2160817', 'pbkdf2:sha256:260000$YNqzP3YqL2Mnpxbs$cbfde5a10dfd85668ad292b6c1e22e9993807271738931f2a8b9c445e09ebdff'),
    ('3632517', 'pbkdf2:sha256:260000$YNqzP3YqL2Mnpxbs$cbfde5a10dfd85668ad292b6c1e22e9993807271738931f2a8b9c445e09ebdff'),
    ('2470865', 'pbkdf2:sha256:260000$YNqzP3YqL2Mnpxbs$cbfde5a10dfd85668ad292b6c1e22e9993807271738931f2a8b9c445e09ebdff'),
    ('1968803', 'pbkdf2:sha256:260000$YNqzP3YqL2Mnpxbs$cbfde5a10dfd85668ad292b6c1e22e9993807271738931f2a8b9c445e09ebdff'),
    ('6982292', 'pbkdf2:sha256:260000$YNqzP3YqL2Mnpxbs$cbfde5a10dfd85668ad292b6c1e22e9993807271738931f2a8b9c445e09ebdff'),
    ('4998432', 'pbkdf2:sha256:260000$YNqzP3YqL2Mnpxbs$cbfde5a10dfd85668ad292b6c1e22e9993807271738931f2a8b9c445e09ebdff'),
    ('7733874', 'pbkdf2:sha256:260000$YNqzP3YqL2Mnpxbs$cbfde5a10dfd85668ad292b6c1e22e9993807271738931f2a8b9c445e09ebdff'),
    ('5856357', 'pbkdf2:sha256:260000$YNqzP3YqL2Mnpxbs$cbfde5a10dfd85668ad292b6c1e22e9993807271738931f2a8b9c445e09ebdff'),
    ('1218921', 'pbkdf2:sha256:260000$YNqzP3YqL2Mnpxbs$cbfde5a10dfd85668ad292b6c1e22e9993807271738931f2a8b9c445e09ebdff'),
    ('8544043', 'pbkdf2:sha256:260000$YNqzP3YqL2Mnpxbs$cbfde5a10dfd85668ad292b6c1e22e9993807271738931f2a8b9c445e09ebdff'),
    ('1266821', 'pbkdf2:sha256:260000$YNqzP3YqL2Mnpxbs$cbfde5a10dfd85668ad292b6c1e22e9993807271738931f2a8b9c445e09ebdff'),
    ('7241386', 'pbkdf2:sha256:260000$YNqzP3YqL2Mnpxbs$cbfde5a10dfd85668ad292b6c1e22e9993807271738931f2a8b9c445e09ebdff'),
    ('8636689', 'pbkdf2:sha256:260000$YNqzP3YqL2Mnpxbs$cbfde5a10dfd85668ad292b6c1e22e9993807271738931f2a8b9c445e09ebdff'),
    ('7378964', 'pbkdf2:sha256:260000$YNqzP3YqL2Mnpxbs$cbfde5a10dfd85668ad292b6c1e22e9993807271738931f2a8b9c445e09ebdff'),
    ('9139378', 'pbkdf2:sha256:260000$YNqzP3YqL2Mnpxbs$cbfde5a10dfd85668ad292b6c1e22e9993807271738931f2a8b9c445e09ebdff'),
    ('7051941', 'pbkdf2:sha256:260000$YNqzP3YqL2Mnpxbs$cbfde5a10dfd85668ad292b6c1e22e9993807271738931f2a8b9c445e09ebdff'),
    ('3870636', 'pbkdf2:sha256:260000$YNqzP3YqL2Mnpxbs$cbfde5a10dfd85668ad292b6c1e22e9993807271738931f2a8b9c445e09ebdff'),
    ('9690465', 'pbkdf2:sha256:260000$YNqzP3YqL2Mnpxbs$cbfde5a10dfd85668ad292b6c1e22e9993807271738931f2a8b9c445e09ebdff'),
    ('2175359', 'pbkdf2:sha256:260000$YNqzP3YqL2Mnpxbs$cbfde5a10dfd85668ad292b6c1e22e9993807271738931f2a8b9c445e09ebdff'),
    ('5986275', 'pbkdf2:sha256:260000$YNqzP3YqL2Mnpxbs$cbfde5a10dfd85668ad292b6c1e22e9993807271738931f2a8b9c445e09ebdff'),
    ('5796118', 'pbkdf2:sha256:260000$YNqzP3YqL2Mnpxbs$cbfde5a10dfd85668ad292b6c1e22e9993807271738931f2a8b9c445e09ebdff');


-- random list of 12 projects created with github link set to 'tempLink' as well as unique project ID's.
insert into project values
    (0, 'lewis',       '2023-02-19', '2023-03-17', '4', 'https://github.com/freeCodeCamp/freeCodeCamp', 5856357),
    (100, 'hamilton',  '2023-02-19', '2023-04-09', '6', 'https://github.com/freeCodeCamp/freeCodeCamp',  1218921),
    (200, 'charles',   '2023-02-19', '2023-03-17', '4', 'https://github.com/freeCodeCamp/freeCodeCamp',  8544043),
    (300, 'leclerc',   '2023-02-19', '2023-03-14', '3', 'https://github.com/freeCodeCamp/freeCodeCamp',  1266821),
    (400, 'lando',     '2023-02-19', '2023-03-29', '4', 'https://github.com/freeCodeCamp/freeCodeCamp', 7241386),
    (500, 'norris',    '2023-02-19', '2023-04-09', '3', 'https://github.com/freeCodeCamp/freeCodeCamp',  8636689),
    (600, 'niki',      '2023-02-19', '2023-04-09', '20','https://github.com/freeCodeCamp/freeCodeCamp', 7378964),
    (700, 'lauda',     '2023-02-19', '2023-03-25', '4', 'https://github.com/freeCodeCamp/freeCodeCamp', 9139378),
    (800, 'carlos',    '2023-02-19', '2023-03-17', '8', 'https://github.com/freeCodeCamp/freeCodeCamp',  7051941),
    (900, 'sainz',     '2023-02-19', '2023-03-02', '4', 'https://github.com/freeCodeCamp/freeCodeCamp',  3870636),
    (1000, 'sebastian','2023-02-19', '2023-02-23', '3', 'https://github.com/freeCodeCamp/freeCodeCamp',  9690465),
    (1100, 'vettel',   '2023-02-19', '2023-03-21', '8', 'https://github.com/freeCodeCamp/freeCodeCamp', 2175359),

    (2000, 'Test1 Project1',   '2023-02-19', '2023-03-21', '1', 'https://github.com/freeCodeCamp/freeCodeCamp', 2160813),
    (2100, 'Test1 Project2',   '2023-02-19', '2023-03-21', '2', 'https://github.com/freeCodeCamp/freeCodeCamp', 2160813),    
    (2200, 'Test2 Project1',   '2023-02-19', '2023-03-21', '3', 'https://github.com/freeCodeCamp/freeCodeCamp', 2160814),    
    (2300, 'Test2 Project2',   '2023-02-19', '2023-03-21', '4', 'https://github.com/freeCodeCamp/freeCodeCamp', 2160814),       
    (2500, 'Test3 Project1',   '2023-02-19', '2023-03-21', '6', 'https://github.com/freeCodeCamp/freeCodeCamp', 2160815),       
    (2700, 'Test4 Project1',   '2023-02-19', '2023-03-21', '8', 'https://github.com/freeCodeCamp/freeCodeCamp', 2160816),       
    (2900, 'Test5 Project1',   '2023-02-19', '2023-03-21', '10', 'https://github.com/freeCodeCamp/freeCodeCamp', 2160817);


--all developers are assigned a project
insert into project_assignments values
    ('2160818', '2000'),
    ('2160818', '2100'),
    ('2160818', '2200'),
    ('2160818', '2300'),
    ('2160818', '2500'),
    ('2160818', '2700'),
    ('2160818', '2900'),

    ('2160819', '2000'),
    ('2160819', '2100'),
    ('2160819', '2200'),
    ('2160819', '2300'),
    ('2160819', '2500'),
    ('2160819', '2700'),
    ('2160819', '2900'),

    ('2160820', '2000'),
    ('2160820', '2100'),
    ('2160820', '2200'),
    ('2160820', '2300'),
    ('2160820', '2500'),
    ('2160820', '2700'),
    ('2160820', '2900'),

    ('2160821', '2000'),
    ('2160821', '2100'),
    ('2160821', '2200'),
    ('2160821', '2300'),
    ('2160821', '2500'),
    ('2160821', '2700'),
    ('2160821', '2900'),

    ('2160822', '2000'),
    ('2160822', '2100'),
    ('2160822', '2200'),
    ('2160822', '2300'),
    ('2160822', '2500'),
    ('2160822', '2700'),
    ('2160822', '2900'),

    ('2160823', '2000'),
    ('2160823', '2100'),
    ('2160823', '2200'),
    ('2160823', '2300'),
    ('2160823', '2500'),
    ('2160823', '2700'),
    ('2160823', '2900'),

    ('2160824', '2000'),
    ('2160824', '2100'),
    ('2160824', '2200'),
    ('2160824', '2300'),
    ('2160824', '2500'),
    ('2160824', '2700'),
    ('2160824', '2900'),

    ('9109938', '0'),
    ('4382159', '0'),
    ('7808051', '0'),
    ('3284606', '0'),

    ('9109938', '100'),
    ('4382159', '100'),
    ('7808051', '100'),
    ('3284606', '100'),
    ('9008860', '100'),
    ('4539858', '100'),

    ('9109938', '200'),
    ('4382159', '200'),
    ('7808051', '200'),
    ('3284606', '200'),

    ('9109938', '300'),
    ('4382159', '300'),
    ('7808051', '300'),

    ('9109938', '400'),
    ('4382159', '400'),
    ('7808051', '400'),
    ('3284606', '400'),

    ('9109938', '500'),
    ('4382159', '500'),
    ('7808051', '500'),

    ('9109938', '600'),
    ('4382159', '600'),
    ('7808051', '600'),
    ('3284606', '600'),
    ('9008860', '600'),
    ('4539858', '600'),
    ('5227827', '600'),
    ('3565318', '600'),
    ('7307441', '600'),
    ('9721353', '600'),
    ('1502364', '600'),
    ('8605313', '600'),
    ('6664925', '600'),
    ('8446929', '600'),
    ('4895406', '600'),
    ('9085466', '600'),
    ('7462079', '600'),
    ('9366488', '600'),
    ('5047257', '600'),
    ('9161586', '600'),

    ('9109938', '700'),
    ('4382159', '700'),
    ('7808051', '700'),
    ('3284606', '700'),

    ('9109938', '800'),
    ('4382159', '800'),
    ('7808051', '800'),
    ('3284606', '800'),
    ('9008860', '800'),
    ('4539858', '800'),
    ('5227827', '800'),
    ('3565318', '800'),

    ('9109938', '900'),
    ('4382159', '900'),
    ('7808051', '900'),
    ('3284606', '900'),

    ('9109938', '1000'),
    ('4382159', '1000'),
    ('7808051', '1000'),

    ('9109938', '1100'),
    ('4382159', '1100'),
    ('7808051', '1100'),
    ('3284606', '1100'),
    ('9008860', '1100'),
    ('4539858', '1100'),
    ('5227827', '1100'),
    ('3565318', '1100');

-- all supervisors are assigned some project managers
insert into teams values
    ('2160812', '2160813'),
    ('2160812', '2160814'),
    ('2160812', '2160815'),
    ('3632517', '5856357'),
    ('2470865', '1218921'),
    ('1968803', '8544043'),
    ('6982292', '1266821'),
    ('4998432', '7241386'),
    ('7733874', '8636689'),
    ('3632517', '7378964'),
    ('2470865', '9139378'),
    ('1968803', '7051941'),
    ('6982292', '3870636'),
    ('4998432', '9690465'),
    ('7733874', '2175359'),
    ('3632517', '5986275'),
    ('2470865', '5796118');

--metrics have an ID from 0 to 14 and a metricType 0 if soft metric, 1 if hard metric
--metric12 has metricType2 since it contains the probabilty of success only for the training data. 
--User inputed projects will not be required nor prompted to fill this metric
--once an evaluation is calulated for the inputed project, this metric is filled so the model can be retrained with the new data
insert into metric values
    ('0', '0', 'team turnover rate'),
    ('1', '0', 'customer rating'),
    ('2', '0', 'team size'),
    ('3', '0', 'morale'),
    ('4', '2', 'schedule performance index'),
    ('5', '2', 'cost performance index'),
    ('6', '1', 'code quality'),
    ('7', '1', 'code review frequency'),
    ('8', '1', 'deployment frequency'),
    ('9', '1', 'test success rate'),
    ('10', '1', 'code churn'),
    ('11', '3', 'success probability'),
    ('12', '0', 'budget spent'),
    ('13', '0', 'amount of work done(%)'),
    ('14', '2', 'time allocated(months)'),
    ('15', '0', 'total budget (£)');



insert into metric_assignment values(' 0','2000','40.323292307692306'),(' 1','2000','6.74'),(' 2','2000','2'),(' 3','2000','10.05'),(' 4','2000','0.032557894736842105'),(' 5','2000','0.17301052631578948'),(' 6','2000','0.545'),(' 7','2000','44.1155'),(' 8','2000','0.662425'),(' 9','2000','6.032'),('10','2000','92.24080000000001'),('11','2000','8.303958128078818'), ('12','2000','1000'), ('13','2000','50'), ('14','2000','0.0'), ('15','2000','2000');
insert into metric_assignment values(' 0','2100','39.93793846153846'),(' 1','2100','14.813'),(' 2','2100','28'),(' 3','2100','19.709'),(' 4','2100','0.14463157894736842'),(' 5','2100','0.29261052631578943'),(' 6','2100','22.221'),(' 7','2100','36.7235'),(' 8','2100','1.03675'),(' 9','2100','24.686'),('10','2100','89.8112'),('11','2100','19.49324062144752'), ('12','2100','1000'), ('13','2100','50'), ('14','2100','0.0'), ('15','2100','2000');
insert into metric_assignment values(' 0','2200','27.73633846153846'),(' 1','2200','23.245'),(' 2','2200','29'),(' 3','2200','20.014'),(' 4','2200','0.25437894736842104'),(' 5','2200','0.25576842105263153'),(' 6','2200','35.28'),(' 7','2200','30.055'),(' 8','2200','2.6546499999999997'),(' 9','2200','32.338'),('10','2200','83.61359999999999'),('11','2200','28.516699128457752'), ('12','2200','1000'), ('13','2200','50'), ('14','2200','0.0'), ('15','2200','2000');
insert into metric_assignment values(' 0','2300','22.886984615384613'),(' 1','2300','34.857'),(' 2','2300','22'),(' 3','2300','37.03'),(' 4','2300','0.37447368421052635'),(' 5','2300','0.504421052631579'),(' 6','2300','46.435'),(' 7','2300','31.561'),(' 8','2300','3.456175'),(' 9','2300','30.484'),('10','2300','74.4848'),('11','2300','40.112304850322104'), ('12','2300','1000'), ('13','2300','50'), ('14','2300','0.0'), ('15','2300','2000');
insert into metric_assignment values(' 0','2500','23.582815384615387'),(' 1','2500','52.2'),(' 2','2500','18'),(' 3','2500','41.28'),(' 4','2500','0.6276947368421053'),(' 5','2500','0.5586'),(' 6','2500','45.083'),(' 7','2500','22.956'),(' 8','2500','3.613825'),(' 9','2500','48.748'),('10','2500','2.870400000000001'),('11','2500','51.147140773020084'), ('12','2500','1000'), ('13','2500','50'), ('14','2500','0.0'), ('15','2500','2000');
insert into metric_assignment values(' 0','2700','20.10270769230769'),(' 1','2700','66.766'),(' 2','2700','19'),(' 3','2700','68.542'),(' 4','2700','0.6821157894736842'),(' 5','2700','0.5827578947368421'),(' 6','2700','51.618'),(' 7','2700','19.243'),(' 8','2700','4.618525'),(' 9','2700','65.619'),('10','2700','7.0356'),('11','2700','60.14659928003031'), ('12','2700','1000'), ('13','2700','50'), ('14','2700','0.0'), ('15','2700','2000');
insert into metric_assignment values(' 0','2900','10.408571428571431'),(' 1','2900','69.117'),(' 2','2900','6'),(' 3','2900','61.683'),(' 4','2900','0.8054736842105262'),(' 5','2900','0.7291157894736843'),(' 6','2900','70.035'),(' 7','2900','18.874'),(' 8','2900','5.5512250000000005'),(' 9','2900','62.794'),('10','2900','6.518799999999999'),('11','2900','69.7397052545156'), ('12','2900','1000'), ('13','2900','50'), ('14','2900','0.0'), ('15','2900','2000');

insert into project_evaluation values
    (280,2000,'2023-02-24',1,'At Risk'),
    (281,2000,'2023-02-23',1,'Failing'),
    (282,2000,'2023-02-22',1,'Failing'),
    (283,2000,'2023-02-21',1,'Failing'),
    (284,2000,'2023-02-20',1,'Failing'),
    (285,2000,'2023-02-19',1,'Failing');
insert into project_evaluation values
    (210,2100,'2023-02-24',1,'At Risk'),
    (211,2100,'2023-02-23',1,'Failing'),
    (212,2100,'2023-02-22',1,'Failing'),
    (213,2100,'2023-02-21',1,'Failing'),
    (214,2100,'2023-02-20',1,'Failing'),
    (215,2100,'2023-02-19',1,'Failing');
insert into project_evaluation values
    (220,2200,'2023-02-24',1,'Successful'),
    (221,2200,'2023-02-23',1,'Showing Symptoms'),
    (222,2200,'2023-02-22',1,'At Risk'),
    (223,2200,'2023-02-21',1,'Failing'),
    (224,2200,'2023-02-20',1,'Failing'),
    (225,2200,'2023-02-19',1,'Failing');
insert into project_evaluation values
    (230,2300,'2023-02-24',1,'Successful'),
    (231,2300,'2023-02-23',1,'Showing Symptoms'),
    (232,2300,'2023-02-22',1,'At Risk'),
    (233,2300,'2023-02-21',1,'Failing'),
    (234,2300,'2023-02-20',1,'Failing'),
    (235,2300,'2023-02-19',1,'Failing');
insert into project_evaluation values
    (250,2500,'2023-02-24',1,'Showing Symptoms'),
    (251,2500,'2023-02-23',1,'At Risk'),
    (252,2500,'2023-02-22',1,'Showing Symptoms'),
    (253,2500,'2023-02-21',1,'Successful'),
    (254,2500,'2023-02-20',1,'Successful'),
    (255,2500,'2023-02-19',1,'Showing Symptoms');
insert into project_evaluation values
    (270,2700,'2023-02-24',1,'Showing Symptoms'),
    (271,2700,'2023-02-23',1,'At Risk'),
    (272,2700,'2023-02-22',1,'Showing Symptoms'),
    (273,2700,'2023-02-21',1,'Successful'),
    (274,2700,'2023-02-20',1,'Successful'),
    (275,2700,'2023-02-19',1,'Showing Symptoms');
insert into project_evaluation values
    (290,2900,'2023-02-24',1,'Showing Symptoms'),
    (291,2900,'2023-02-23',1,'At Risk'),
    (292,2900,'2023-02-22',1,'Showing Symptoms'),
    (293,2900,'2023-02-21',1,'Successful'),
    (294,2900,'2023-02-20',1,'Successful'),
    (295,2900,'2023-02-19',1,'Showing Symptoms');




-- All projects have 5 previous evaluations + sample metric assignments
insert into project_evaluation values
    (0,0,'2023-02-24',1,'At Risk'),
    (1,0,'2023-02-23',1,'Failing'),
    (2,0,'2023-02-22',1,'Failing'),
    (3,0,'2023-02-21',1,'Failing'),
    (4,0,'2023-02-20',1,'Failing'),
    (5,0,'2023-02-19',1,'Failing');
insert into metric_assignment values
    (0,0,0.3750),
    (1,0,0.1250),
    (2,0,0.2271),
    (3,0,0.1250),
    (4,0,0.5000),
    (5,0,0.4375),
    (6,0,0.5000),
    (7,0,0.5000),
    (8,0,0.3125),
    (9,0,0.5000),
    (10,0,0.1250),
    (11,0,0.4375),
    (12,0,0.4375),
    (13,0,0.5000),
    (14,0,50),
    (15,0,0);

insert into project_evaluation values
    (100,100,'2023-02-24',1,'Successful'),
    (101,100,'2023-02-23',1,'Showing Symptoms'),
    (102,100,'2023-02-22',1,'At Risk'),
    (103,100,'2023-02-21',1,'Failing'),
    (104,100,'2023-02-20',1,'Failing'),
    (105,100,'2023-02-19',1,'Failing');
insert into metric_assignment values
    (0,100,0.1250),
    (1,100,0.8750),
    (2,100,0.1562),
    (3,100,0.8750),
    (4,100,1.0000),
    (5,100,0.8125),
    (6,100,1.0000),
    (7,100,1.0000),
    (8,100,0.9375),
    (9,100,0.0000),
    (10,100,0.8750),
    (11,100,0.5625),
    (12,100,0.5625),
    (13,100,0.0000),
    (14,100,50),
    (15,100,0);

insert into project_evaluation values
    (200,200,'2023-02-24',1,'At Risk'),
    (201,200,'2023-02-23',1,'Failing'),
    (202,200,'2023-02-22',1,'Failing'),
    (203,200,'2023-02-21',1,'Failing'),
    (204,200,'2023-02-20',1,'Failing'),
    (205,200,'2023-02-19',1,'Failing');
insert into metric_assignment values
    (0,200,0.8125),
    (1,200,0.5000),
    (2,200,0.2625),
    (3,200,0.5000),
    (4,200,0.0000),
    (5,200,0.4375),
    (6,200,0.0000),
    (7,200,0.0000),
    (8,200,0.2500),
    (9,200,1.0000),
    (10,200,0.5000),
    (11,200,0.5625),
    (12,200,0.5625),
    (13,200,1.0000),
    (14,200,50),
    (15,200,0);

insert into project_evaluation values
    (300,300,'2023-02-24',1,'At Risk'),
    (301,300,'2023-02-23',1,'Failing'),
    (302,300,'2023-02-22',1,'At Risk'),
    (303,300,'2023-02-21',1,'At Risk'),
    (304,300,'2023-02-20',1,'At Risk'),
    (305,300,'2023-02-19',1,'Failing');
insert into metric_assignment values
    (0,300,0.8125),
    (1,300,0.5000),
    (2,300,0.3333),
    (3,300,0.5000),
    (4,300,0.1250),
    (5,300,0.3750),
    (6,300,0.1250),
    (7,300,0.1250),
    (8,300,0.3125),
    (9,300,0.8750),
    (10,300,0.5000),
    (11,300,0.7500),
    (12,300,0.7500),
    (13,300,0.8750),
    (14,300,50),
    (15,300,0);

insert into project_evaluation values
    (400,400,'2023-02-24',1,'Showing Symptoms'),
    (401,400,'2023-02-23',1,'At Risk'),
    (402,400,'2023-02-22',1,'Showing Symptoms'),
    (403,400,'2023-02-21',1,'Successful'),
    (404,400,'2023-02-20',1,'Successful'),
    (405,400,'2023-02-19',1,'Showing Symptoms');
insert into metric_assignment values
    (0,400,0.0625),
    (1,400,0.2500),
    (2,400,0.2271),
    (3,400,0.2500),
    (4,400,0.8750),
    (5,400,0.6250),
    (6,400,0.8750),
    (7,400,0.8750),
    (8,400,0.5625),
    (9,400,0.1250),
    (10,400,0.2500),
    (11,400,0.3750),
    (12,400,0.3750),
    (13,400,0.1250),
    (14,400,50),
    (15,400,0);

insert into project_evaluation values
    (500,500,'2023-02-24',1,'Showing Symptoms'),
    (501,500,'2023-02-23',1,'At Risk'),
    (502,500,'2023-02-22',1,'Failing'),
    (503,500,'2023-02-21',1,'Failing'),
    (504,500,'2023-02-20',1,'At Risk'),
    (505,500,'2023-02-19',1,'Showing Symptoms');
insert into metric_assignment values
    (0,500,0.5625),
    (1,500,1.0000),
    (2,500,0.2979),
    (3,500,1.0000),
    (4,500,0.2500),
    (5,500,0.8125),
    (6,500,0.2500),
    (7,500,0.2500),
    (8,500,0.6250),
    (9,500,0.7500),
    (10,500,1.0000),
    (11,500,0.4062),
    (12,500,0.4062),
    (13,500,0.7500),
    (14,500,50),
    (15,500,0);

insert into project_evaluation values
    (600,600,'2023-02-24',1,'Showing Symptoms'),
    (601,600,'2023-02-23',1,'Showing Symptoms'),
    (602,600,'2023-02-22',1,'Showing Symptoms'),
    (603,600,'2023-02-21',1,'Showing Symptoms'),
    (604,600,'2023-02-20',1,'At Risk'),
    (605,600,'2023-02-19',1,'Failing');
insert into metric_assignment values
    (0,600,0.3125),
    (1,600,0.8750),
    (2,600,0.0500),
    (3,600,0.8750),
    (4,600,0.6250),
    (5,600,0.8125),
    (6,600,0.6250),
    (7,600,0.6250),
    (8,600,0.7500),
    (9,600,0.3750),
    (10,600,0.8750),
    (11,600,0.7500),
    (12,600,0.7500),
    (13,600,0.3750),
    (14,600,50),
    (15,600,0);

insert into project_evaluation values
    (700,700,'2023-02-24',1,'Showing Symptoms'),
    (701,700,'2023-02-23',1,'At Risk'),
    (702,700,'2023-02-22',1,'Failing'),
    (703,700,'2023-02-21',1,'Failing'),
    (704,700,'2023-02-20',1,'At Risk'),
    (705,700,'2023-02-19',1,'Showing Symptoms');
insert into metric_assignment values
    (0,700,0.3125),
    (1,700,0.5000),
    (2,700,0.2271),
    (3,700,0.5000),
    (4,700,0.7500),
    (5,700,0.5625),
    (6,700,0.7500),
    (7,700,0.7500),
    (8,700,0.6250),
    (9,700,0.2500),
    (10,700,0.5000),
    (11,700,0.4688),
    (12,700,0.4688),
    (13,700,0.2500),
    (14,700,50),
    (15,700,0);

insert into project_evaluation values
    (800,800,'2023-02-24',1,'Failing'),
    (801,800,'2023-02-23',1,'Failing'),
    (802,800,'2023-02-22',1,'Failing'),
    (803,800,'2023-02-21',1,'Failing'),
    (804,800,'2023-02-20',1,'At Risk'),
    (805,800,'2023-02-19',1,'Failing');
insert into metric_assignment values
    (0,800,0.6875),
    (1,800,0.1250),
    (2,800,0.1208),
    (3,800,0.1250),
    (4,800,0.0000),
    (5,800,0.3750),
    (6,800,0.0000),
    (7,800,0.0000),
    (8,800,0.0625),
    (9,800,1.0000),
    (10,800,0.1250),
    (11,800,0.5625),
    (12,800,0.5625),
    (13,800,1.0000),
    (14,800,50),
    (15,800,0);

insert into project_evaluation values
    (900,900,'2023-02-24',1,'At Risk'),
    (901,900,'2023-02-23',1,'Showing Symptoms'),
    (902,900,'2023-02-22',1,'At Risk'),
    (903,900,'2023-02-21',1,'At Risk'),
    (904,900,'2023-02-20',1,'Failing'),
    (905,900,'2023-02-19',1,'At Risk');
insert into metric_assignment values
    (0,900,0.5000),
    (1,900,0.0000),
    (2,900,0.2271),
    (3,900,0.0000),
    (4,900,0.6250),
    (5,900,0.1875),
    (6,900,0.6250),
    (7,900,0.6250),
    (8,900,0.3125),
    (9,900,0.3750),
    (10,900,0.0000),
    (11,900,0.5312),
    (12,900,0.5312),
    (13,900,0.3750),
    (14,900,50),
    (15,900,0);

insert into project_evaluation values
    (1000,1000,'2023-02-24',1,'At Risk'),
    (1001,1000,'2023-02-23',1,'Failing'),
    (1002,1000,'2023-02-22',1,'Failing'),
    (1003,1000,'2023-02-21',1,'Failing'),
    (1004,1000,'2023-02-20',1,'Failing'),
    (1005,1000,'2023-02-19',1,'Failing');
insert into metric_assignment values
    (0,1000,0.6250),
    (1,1000,0.1250),
    (2,1000,0.3333),
    (3,1000,0.1250),
    (4,1000,0.7500),
    (5,1000,0.0625),
    (6,1000,0.7500),
    (7,1000,0.7500),
    (8,1000,0.4375),
    (9,1000,0.2500),
    (10,1000,0.1250),
    (11,1000,1.0000),
    (12,1000,1.0000),
    (13,1000,0.2500),
    (14,1000,50),
    (15,1000,0);

insert into project_evaluation values
    (1100,1100,'2023-02-24',1,'Showing Symptoms'),
    (1101,1100,'2023-02-23',1,'Showing Symptoms'),
    (1102,1100,'2023-02-22',1,'At Risk'),
    (1103,1100,'2023-02-21',1,'Showing Symptoms'),
    (1104,1100,'2023-02-20',1,'At Risk'),
    (1105,1100,'2023-02-19',1,'Failing');
insert into metric_assignment values
    (0,1100,0.5625),
    (1,1100,1.0000),
    (2,1100,0.1208),
    (3,1100,1.0000),
    (4,1100,0.8750),
    (5,1100,0.5000),
    (6,1100,0.8750),
    (7,1100,0.8750),
    (8,1100,0.9375),
    (9,1100,0.1250),
    (10,1100,1.0000),
    (11,1100,0.2500),
    (12,1100,0.2500),
    (13,1100,0.1250),
    (14,1100,50),
    (15,1100,0);

-- all metrics again with all projects are assigned a rank from 1-15 as an imrpovement suggestion
insert into improvement_metrics values
    ('0', '0', '1', 0.000),
    ('1', '0', '2', 0.000),
    ('2', '0', '3', 0.000),
    ('3', '0', '4', 0.000),
    ('4', '0', '5', 0.000),
    ('5', '0', '6', 0.000),
    ('6', '0', '7', 0.000),
    ('7', '0', '8', 0.000),
    ('8', '0', '9', 0.000),
    ('9', '0', '10', 0.000),
    ('10', '0', '11', 0.000),
    ('11', '0', '12', 0.000),
    ('12', '0', '13', 0.000),
    ('13', '0', '14', 0.000),
    ('0', '100', '1', 0.000),
    ('1', '100', '2', 0.000),
    ('2', '100', '3', 0.000),
    ('3', '100', '4', 0.000),
    ('4', '100', '5', 0.000),
    ('5', '100', '6', 0.000),
    ('6', '100', '7', 0.000),
    ('7', '100', '8', 0.000),
    ('8', '100', '9', 0.000),
    ('9', '100', '10', 0.000),
    ('10', '100', '11', 0.000),
    ('11', '100', '12', 0.000),
    ('12', '100', '13', 0.000),
    ('13', '100', '14', 0.000),
    ('0', '200', '1', 0.000),
    ('1', '200', '2', 0.000),
    ('2', '200', '3', 0.000),
    ('3', '200', '4', 0.000),
    ('4', '200', '5', 0.000),
    ('5', '200', '6', 0.000),
    ('6', '200', '7', 0.000),
    ('7', '200', '8', 0.000),
    ('8', '200', '9', 0.000),
    ('9', '200', '10', 0.000),
    ('10', '200', '11', 0.000),
    ('11', '200', '12', 0.000),
    ('12', '200', '13', 0.000),
    ('13', '200', '14', 0.000),
    ('0', '300', '1', 0.000),
    ('1', '300', '2', 0.000),
    ('2', '300', '3', 0.000),
    ('3', '300', '4', 0.000),
    ('4', '300', '5', 0.000),
    ('5', '300', '6', 0.000),
    ('6', '300', '7', 0.000),
    ('7', '300', '8', 0.000),
    ('8', '300', '9', 0.000),
    ('9', '300', '10', 0.000),
    ('10', '300', '11', 0.000),
    ('11', '300', '12', 0.000),
    ('12', '300', '13', 0.000),
    ('13', '300', '14', 0.000),
    ('0', '400', '1', 0.000),
    ('1', '400', '2', 0.000),
    ('2', '400', '3', 0.000),
    ('3', '400', '4', 0.000),
    ('4', '400', '5', 0.000),
    ('5', '400', '6', 0.000),
    ('6', '400', '7', 0.000),
    ('7', '400', '8', 0.000),
    ('8', '400', '9', 0.000),
    ('9', '400', '10', 0.000),
    ('10', '400', '11', 0.000),
    ('11', '400', '12', 0.000),
    ('12', '400', '13', 0.000),
    ('13', '400', '14', 0.000),
    ('0', '500', '1', 0.000),
    ('1', '500', '2', 0.000),
    ('2', '500', '3', 0.000),
    ('3', '500', '4', 0.000),
    ('4', '500', '5', 0.000),
    ('5', '500', '6', 0.000),
    ('6', '500', '7', 0.000),
    ('7', '500', '8', 0.000),
    ('8', '500', '9', 0.000),
    ('9', '500', '10', 0.000),
    ('10', '500', '11', 0.000),
    ('11', '500', '12', 0.000),
    ('12', '500', '13', 0.000),
    ('13', '500', '14', 0.000),
    ('0', '600', '1', 0.000),
    ('1', '600', '2', 0.000),
    ('2', '600', '3', 0.000),
    ('3', '600', '4', 0.000),
    ('4', '600', '5', 0.000),
    ('5', '600', '6', 0.000),
    ('6', '600', '7', 0.000),
    ('7', '600', '8', 0.000),
    ('8', '600', '9', 0.000),
    ('9', '600', '10', 0.000),
    ('10', '600', '11', 0.000),
    ('11', '600', '12', 0.000),
    ('12', '600', '13', 0.000),
    ('13', '600', '14', 0.000),
    ('0', '700', '1', 0.000),
    ('1', '700', '2', 0.000),
    ('2', '700', '3', 0.000),
    ('3', '700', '4', 0.000),
    ('4', '700', '5', 0.000),
    ('5', '700', '6', 0.000),
    ('6', '700', '7', 0.000),
    ('7', '700', '8', 0.000),
    ('8', '700', '9', 0.000),
    ('9', '700', '10', 0.000),
    ('10', '700', '11', 0.000),
    ('11', '700', '12', 0.000),
    ('12', '700', '13', 0.000),
    ('13', '700', '14', 0.000),
    ('0', '800', '1', 0.000),
    ('1', '800', '2', 0.000),
    ('2', '800', '3', 0.000),
    ('3', '800', '4', 0.000),
    ('4', '800', '5', 0.000),
    ('5', '800', '6', 0.000),
    ('6', '800', '7', 0.000),
    ('7', '800', '8', 0.000),
    ('8', '800', '9', 0.000),
    ('9', '800', '10', 0.000),
    ('10', '800', '11', 0.000),
    ('11', '800', '12', 0.000),
    ('12', '800', '13', 0.000),
    ('13', '800', '14', 0.000),
    ('0', '900', '1', 0.000),
    ('1', '900', '2', 0.000),
    ('2', '900', '3', 0.000),
    ('3', '900', '4', 0.000),
    ('4', '900', '5', 0.000),
    ('5', '900', '6', 0.000),
    ('6', '900', '7', 0.000),
    ('7', '900', '8', 0.000),
    ('8', '900', '9', 0.000),
    ('9', '900', '10', 0.000),
    ('10', '900', '11', 0.000),
    ('11', '900', '12', 0.000),
    ('12', '900', '13', 0.000),
    ('13', '900', '14', 0.000),
    ('0', '1000', '1', 0.000),
    ('1', '1000', '2', 0.000),
    ('2', '1000', '3', 0.000),
    ('3', '1000', '4', 0.000),
    ('4', '1000', '5', 0.000),
    ('5', '1000', '6', 0.000),
    ('6', '1000', '7', 0.000),
    ('7', '1000', '8', 0.000),
    ('8', '1000', '9', 0.000),
    ('9', '1000', '10', 0.000),
    ('10', '1000', '11', 0.000),
    ('11', '1000', '12', 0.000),
    ('12', '1000', '13', 0.000),
    ('13', '1000', '14', 0.000),
    ('0', '1100', '1', 0.000),
    ('1', '1100', '2', 0.000),
    ('2', '1100', '3', 0.000),
    ('3', '1100', '4', 0.000),
    ('4', '1100', '5', 0.000),
    ('5', '1100', '6', 0.000),
    ('6', '1100', '7', 0.000),
    ('7', '1100', '8', 0.000),
    ('8', '1100', '9', 0.000),
    ('9', '1100', '10', 0.000),
    ('10', '1100', '11', 0.000),
    ('11', '1100', '12', 0.000),
    ('12', '1100', '13', 0.000),
    ('13', '1100', '14', 0.000);
